path,split
5ELK.dill,train
2IY3.dill,train
3R2C.dill,train
1QU2.dill,train
5J1O.dill,train
6DOU.dill,train
6DPF.dill,train
2Y8W.dill,train
3LWR.dill,test
1PN7.dill,train
3Q0S.dill,train
7CGM.dill,train
4WTM.dill,train
6HAU.dill,train
2RFK.dill,test
7CGG.dill,train
3OIN.dill,train
6H9I.dill,train
6YRQ.dill,train
6GVY.dill,train
3I62.dill,train
7N3P.dill,train
1I5L.dill,train
2DRB.dill,train
6DOS.dill,train
6BSJ.dill,train
1H4Q.dill,train
1BIV.dill,train
6LAX.dill,train
6DP7.dill,train
6DP1.dill,train
5ED2.dill,train
5E3H.dill,train
6DPH.dill,train
2XZO.dill,train
3J45.dill,val
3BO3.dill,train
4NGD.dill,train
4C8Z.dill,train
2DER.dill,train
4Z92.dill,train
3DKN.dill,train
5BTE.dill,train
1VTM.dill,train
6DPN.dill,train
3HXM.dill,train
3BSO.dill,val
6C4H.dill,train
4ATO.dill,train
6DP9.dill,train
1QFQ.dill,train
3BSX.dill,train
6RT4.dill,val
2TMV.dill,train
6H61.dill,val
5M0I.dill,train
1YTY.dill,train
1R2X.dill,train
1DFU.dill,test
1E8O.dill,test
5WWT.dill,train
4JK0.dill,train
6P7P.dill,train
5UZZ.dill,train
4ILL.dill,train
6DPM.dill,train
3BSB.dill,train
1X1L.dill,train
4HOS.dill,train
2DR9.dill,train
5WS2.dill,val
3O7V.dill,train
3UZT.dill,val
5AXM.dill,train
1FXL.dill,train
5F8L.dill,train
4YHW.dill,train
1S03.dill,test
7LYS.dill,train
5A0T.dill,train
6DOO.dill,train
6XLX.dill,train
5MFX.dill,val
6RA4.dill,train
1M5P.dill,val
5AXN.dill,train
6DPO.dill,train
7MSF.dill,train
6BJV.dill,train
6X5M.dill,train
7NUQ.dill,train
6BSI.dill,train
4Q9R.dill,train
4GHA.dill,train
4X4V.dill,train
5C0Y.dill,train
7MJV.dill,train
7KFN.dill,train
6YS5.dill,train
6YBV.dill,train
6DOT.dill,train
5F8G.dill,train
1ZDK.dill,train
4KR9.dill,train
4GHL.dill,train
2FZ2.dill,train
1ZBI.dill,train
2BNY.dill,val
7D7V.dill,train
4C4W.dill,train
4KR7.dill,train
6R9Q.dill,train
2MQV.dill,train
6DP8.dill,train
5BYM.dill,train
4M6D.dill,train
2ZZM.dill,test
4FTE.dill,train
6NY2.dill,train
5HP2.dill,train
5GJB.dill,train
1ZH5.dill,train
3U2E.dill,val
3UCU.dill,train
7M5O.dill,train
1U6B.dill,train
6M6R.dill,train
3VJR.dill,train
1M8Y.dill,train
2BH2.dill,test
7K9D.dill,train
6DOL.dill,train
5USG.dill,train
1LNG.dill,test
5Z9W.dill,train
6KWQ.dill,train
6GV4.dill,train
2C4Y.dill,train
5A0V.dill,train
4E78.dill,train
3T5N.dill,train
6UV3.dill,train
6OON.dill,train
5FJ4.dill,train
1HQ1.dill,test
2HVY.dill,train
1L9A.dill,train
1G59.dill,train
1ZHO.dill,train
4WTL.dill,train
6D2U.dill,train
4LCK.dill,train
4Y91.dill,train
6WAZ.dill,train
6LT7.dill,train
5WQE.dill,train
3WZI.dill,train
6XMG.dill,train
1ZBL.dill,train
2XS5.dill,train
6XH0.dill,train
6N6H.dill,train
3LOB.dill,train
4HOT.dill,train
6GX6.dill,train
1A34.dill,train
6DTA.dill,train
4TU0.dill,train
6DOF.dill,train
2IX1.dill,train
3R2D.dill,train
3GIB.dill,train
3ADD.dill,test
4WTF.dill,train
5W6V.dill,val
6SCF.dill,train
4ED5.dill,train
4S3N.dill,train
1P6V.dill,train
6D12.dill,val
2DRA.dill,train
1T1M.dill,train
6DPB.dill,train
3BSN.dill,train
4TYW.dill,train
5CCB.dill,train
5VOE.dill,train
1H3E.dill,test
7CGH.dill,train
6LAZ.dill,train
1M5O.dill,train
3K5Z.dill,train
7DMQ.dill,train
6A6J.dill,train
2QK9.dill,train
2FK6.dill,test
3ZJU.dill,train
2PXP.dill,val
4BW0.dill,train
6P7Q.dill,train
6DP2.dill,train
2PXD.dill,train
5A8L.dill,train
5A79.dill,train
7D1A.dill,train
5YTS.dill,train
2OIH.dill,train
7L1F.dill,train
4XCO.dill,train
5KL1.dill,val
2ATW.dill,train
4QU7.dill,val
4YYE.dill,train
4KZE.dill,train
3ADL.dill,train
3ZD6.dill,train
4WC5.dill,train
2X1F.dill,train
6WBR.dill,train
3EQ4.dill,train
4JZV.dill,train
4TUX.dill,train
1X18.dill,train
4ZLD.dill,train
4OLA.dill,train
6KR6.dill,train
3AM1.dill,train
3KTW.dill,train
2XD0.dill,train
3BOY.dill,train
6VFF.dill,train
6JOO.dill,train
6XMF.dill,train
6Q8U.dill,train
4C9D.dill,train
6O6V.dill,train
3T3O.dill,train
4NH3.dill,train
5EIM.dill,train
5HR6.dill,train
6WB2.dill,train
2CV0.dill,train
3J0Q.dill,train
3B0V.dill,train
1VFG.dill,val
4WTE.dill,train
5WZI.dill,val
6ASO.dill,train
3V71.dill,train
2ANN.dill,train
6VRC.dill,val
4QIK.dill,train
6DP0.dill,train
3K62.dill,train
5BZV.dill,train
3J9B.dill,train
3TRZ.dill,train
3ZJT.dill,val
4DWA.dill,train
5HO4.dill,train
6PPV.dill,train
5GXH.dill,train
1MVR.dill,train
1WSU.dill,train
5USA.dill,train
1MNB.dill,train
5F0Q.dill,train
6XL1.dill,train
5BZ5.dill,train
4PKD.dill,train
3A2K.dill,train
1ZBN.dill,train
6CMN.dill,train
1M8X.dill,train
6JIM.dill,train
5Z98.dill,train
2VON.dill,train
2PJP.dill,train
3ZN8.dill,train
5JXS.dill,train
6NOF.dill,train
3U56.dill,train
1EXD.dill,train
3IAB.dill,val
4FSJ.dill,train
5F5H.dill,train
6N6D.dill,train
1SI3.dill,train
1QTQ.dill,test
7LYT.dill,val
2XLJ.dill,train
2BGG.dill,train
7B3B.dill,train
2C50.dill,train
3MUV.dill,train
1J1U.dill,test
4W5T.dill,train
2A9X.dill,train
2BS0.dill,train
5O3J.dill,train
3Q0Q.dill,train
3J0D.dill,train
1QA6.dill,train
6UEJ.dill,train
4TYY.dill,train
5ELH.dill,train
3QG9.dill,train
4AL6.dill,train
5D0B.dill,train
4WC3.dill,train
6R9J.dill,train
3ADC.dill,train
6E9E.dill,train
4JXZ.dill,train
6I0T.dill,train
6SCE.dill,train
3V74.dill,train
6KWR.dill,train
3IZ4.dill,val
5KLA.dill,train
4J5V.dill,train
4B3Q.dill,val
4L8H.dill,train
6GPG.dill,train
3PKM.dill,val
5Z9X.dill,train
4K4W.dill,train
2HT1.dill,val
7MJY.dill,train
1YYK.dill,train
5G2X.dill,train
6DO9.dill,val
2C4Z.dill,train
3ER9.dill,train
1SJ3.dill,test
5WWX.dill,train
6G99.dill,train
1UN6.dill,test
7K5L.dill,train
6DPJ.dill,train
4QEI.dill,train
4G9Z.dill,train
3NNH.dill,train
6M6V.dill,train
6G1X.dill,train
5VOF.dill,train
6DOW.dill,train
5JJU.dill,train
3I5X.dill,train
6O75.dill,train
6YYM.dill,train
1H2C.dill,train
4KRF.dill,train
4F3T.dill,train
6LAS.dill,train
4PY5.dill,train
6DPG.dill,val
6DOG.dill,train
4GV3.dill,train
7K9Y.dill,train
1B7F.dill,train
6DPC.dill,train
1A4T.dill,train
6DP3.dill,train
2ZUE.dill,train
5W0O.dill,train
6DOY.dill,train
4YCP.dill,val
3LWV.dill,train
5F0S.dill,train
6F4H.dill,train
5HR7.dill,train
6O6X.dill,train
4JZU.dill,train
1ZDH.dill,train
4RWO.dill,val
1QLN.dill,train
5WWE.dill,train
5YTT.dill,train
5JB2.dill,train
3OVA.dill,train
6R9O.dill,train
6DP4.dill,train
3UMY.dill,train
3QSY.dill,train
4AFY.dill,train
6NY3.dill,train
2VOP.dill,train
2NUE.dill,train
6NOH.dill,train
3ZD7.dill,train
4TZV.dill,train
3R9X.dill,train
3RER.dill,train
4YVK.dill,train
5BZU.dill,train
5NEW.dill,train
1G1X.dill,test
4YCO.dill,val
5DE5.dill,train
5DDP.dill,train
4P3E.dill,train
7N0B.dill,train
6BU9.dill,train
3QGC.dill,train
6DO8.dill,train
4F02.dill,train
5G4U.dill,train
4V2S.dill,train
1ASZ.dill,train
4X4O.dill,train
2VOO.dill,train
2W2H.dill,train
2DR2.dill,train
5F8I.dill,train
5YDT.dill,train
1H4S.dill,test
2DU5.dill,train
3G0H.dill,train
3E2E.dill,train
4YOE.dill,train
3SQX.dill,train
5UDL.dill,train
3KNA.dill,train
6I0V.dill,train
3NVI.dill,train
2EC0.dill,train
4FVU.dill,train
6MWN.dill,train
4KXT.dill,val
3BO4.dill,train
2C51.dill,train
6SXO.dill,train
6DMN.dill,train
5MSF.dill,val
4RQE.dill,train
6D2Z.dill,train
3L25.dill,train
4WC2.dill,train
7D0F.dill,train
1QU3.dill,train
2CV1.dill,train
4S2Y.dill,train
2R8S.dill,test
6W62.dill,train
3ZJV.dill,train
5MJV.dill,train
1AQ3.dill,train
4J7M.dill,train
4W5N.dill,train
7L6R.dill,train
2OJ3.dill,train
2G8W.dill,train
3EQT.dill,train
5ELS.dill,train
6JC3.dill,val
6CF2.dill,train
4NKU.dill,train
6M7D.dill,train
3EPJ.dill,val
6VRD.dill,train
6LAU.dill,train
3WC2.dill,train
4K4T.dill,train
1F7U.dill,test
2NUF.dill,train
4D5N.dill,train
4AL5.dill,train
5DNO.dill,train
4WC7.dill,train
6J7Z.dill,train
3MUM.dill,train
5YKI.dill,train
6B19.dill,train
6DON.dill,val
6E0O.dill,train
3G8T.dill,train
5WT1.dill,train
4IJS.dill,train
2DXI.dill,train
4UE5.dill,train
6MCF.dill,train
6N6E.dill,train
1DK1.dill,train
6NY5.dill,train
1OOA.dill,val
2PLY.dill,train
5WWF.dill,train
5W7N.dill,train
6PUN.dill,train
6NUT.dill,train
3BSU.dill,train
4AL7.dill,train
7BV2.dill,train
6B14.dill,train
6DPI.dill,train
3GPQ.dill,train
7EWQ.dill,train
2QKB.dill,train
1ASY.dill,train
5W7O.dill,train
4JYZ.dill,train
4PRF.dill,train
1SJ4.dill,train
6AJK.dill,train
6DOV.dill,train
2GXB.dill,train
2ASB.dill,train
5A7A.dill,train
7CGF.dill,train
1CGM.dill,train
2LA5.dill,train
2VNU.dill,train
5F8M.dill,train
6I0U.dill,train
7JYY.dill,train
6DOA.dill,train
2PXE.dill,train
4AY2.dill,train
1EUQ.dill,train
4WZQ.dill,train
4N2Q.dill,train
1MZP.dill,train
3PEY.dill,train
4OAU.dill,train
4RQF.dill,train
3V7E.dill,train
2JLX.dill,train
1H2D.dill,train
5HK0.dill,train
2JLV.dill,train
2X1A.dill,train
2Y8Y.dill,train
2JLW.dill,train
4RWN.dill,train
6YTF.dill,train
2A1R.dill,train
4QVI.dill,train
3BT7.dill,train
1O0C.dill,train
1URN.dill,train
6LLB.dill,train
3OIJ.dill,train
3OVS.dill,train
2ZH1.dill,train
3IYQ.dill,train
4N48.dill,train
2PXT.dill,train
4OHY.dill,train
2RD2.dill,train
5OC6.dill,train
6YRB.dill,train
4M2Z.dill,train
5O1Z.dill,train
3OVB.dill,test
4X4R.dill,train
7KL3.dill,train
2BU1.dill,train
6DT8.dill,train
5ZEY.dill,train
4TZW.dill,train
3EPL.dill,train
6DPP.dill,train
6S0M.dill,train
2XS2.dill,train
6STY.dill,train
4Z4E.dill,train
4UE4.dill,train
6DOH.dill,train
6DOI.dill,train
2DLC.dill,train
3K64.dill,train
2BS1.dill,train
1GTS.dill,train
6THN.dill,train
1G2E.dill,val
2ZZN.dill,val
1VC6.dill,train
6DP5.dill,train
4N2S.dill,train
1ZDI.dill,train
4LG2.dill,train
3V6Y.dill,train
5ELR.dill,val
2BQ5.dill,train
2AKE.dill,test
4WC6.dill,train
2RE8.dill,train
3EP2.dill,train
6JVX.dill,train
6RTI.dill,train
4U8T.dill,train
6N6I.dill,train
6WUA.dill,train
7N0C.dill,train
2CV2.dill,train
1RC7.dill,test
6DCB.dill,train
4WTG.dill,train
2ZKO.dill,test
5UDK.dill,train
1CWP.dill,train
5WWW.dill,train
4Z31.dill,train
6DOP.dill,val
3L26.dill,train
4JGN.dill,val
2ZHB.dill,train
1DI2.dill,train
1ZN0.dill,train
2OB7.dill,train
3G8S.dill,train
1NYB.dill,train
3EPH.dill,test
2NUG.dill,test
5HJZ.dill,val
1LS2.dill,val
2GJE.dill,train
3QRP.dill,train
4A2X.dill,train
2I82.dill,train
7A9W.dill,train
3HAX.dill,train
5X2H.dill,train
2ZH3.dill,train
4KJI.dill,train
5Z4D.dill,train
6MSF.dill,train
6TQA.dill,train
1FEU.dill,train
1JID.dill,test
2DU4.dill,val
4K4U.dill,train
6I2N.dill,val
5E08.dill,train
2X7N.dill,train
6RT6.dill,train
1VBZ.dill,train
5Z4J.dill,train
6SX0.dill,train
3WBM.dill,train
3Q1Q.dill,train
3HJF.dill,val
5W5I.dill,train
6BJH.dill,train
3OV7.dill,train
6BBO.dill,train
1VBX.dill,train
4MDX.dill,train
1GTR.dill,train
1F7V.dill,train
6RJD.dill,train
3IYR.dill,train
6FQR.dill,train
3I5Y.dill,train
5CCX.dill,train
2DU6.dill,train
3Q0M.dill,train
6CBD.dill,train
7D0G.dill,train
4W90.dill,train
3HO1.dill,train
3OG8.dill,train
3FOZ.dill,test
6SX2.dill,train
4OQ8.dill,val
7C45.dill,train
5ZUU.dill,train
4J1G.dill,train
5KL8.dill,train
3CUN.dill,train
3QSU.dill,train
1R3E.dill,test
6FQ3.dill,train
2AZ0.dill,test
4PMI.dill,train
2JLU.dill,train
6DOB.dill,train
3IZY.dill,train
5WTI.dill,train
6AR1.dill,train
1OLN.dill,train
1DUL.dill,train
7ODF.dill,train
5VSU.dill,train
4ALP.dill,val
5ELT.dill,train
5JS1.dill,train
4Z4F.dill,train
6FQL.dill,train
3EPK.dill,train
2DR5.dill,train
3DH3.dill,train
3PDM.dill,train
7OG6.dill,train
1XOK.dill,train
4GV9.dill,train
6G1S.dill,val
1RPU.dill,train
3L3C.dill,train
3UD3.dill,train
1ZSE.dill,val
5G4V.dill,train
6B3K.dill,train
4O26.dill,train
6G3B.dill,train
5ZW4.dill,train
3G9C.dill,val
2XLK.dill,train
4L8R.dill,train
2OZB.dill,train
4LMZ.dill,train
7NUN.dill,train
6BJG.dill,train
5E02.dill,train
3MJ0.dill,train
7DID.dill,train
4WAL.dill,train
5WEA.dill,train
4NHA.dill,train
5NPM.dill,train
2G8H.dill,train
2AZX.dill,train
2AZ2.dill,train
6ZLC.dill,train
6DOD.dill,train
5UDI.dill,train
5DEA.dill,train
3V11.dill,train
2VAZ.dill,train
6N6J.dill,train
6NOC.dill,train
3OUY.dill,train
1WMQ.dill,train
2V3C.dill,test
1YSH.dill,train
5DDO.dill,train
2E9Z.dill,train
4D26.dill,train
1GSG.dill,train
6H66.dill,train
6IJ2.dill,train
5DO4.dill,train
3UZS.dill,train
6OZP.dill,val
3NDB.dill,train
5WT3.dill,train
2BX2.dill,train
5Y6Z.dill,train
4ARI.dill,train
7KJT.dill,train
6A4E.dill,train
6XH1.dill,train
4WC4.dill,val
1DRZ.dill,train
1KUQ.dill,train
6WRE.dill,train
3Q0O.dill,train
1N77.dill,train
3J0E.dill,train
3CUL.dill,train
7DD3.dill,train
3J5Y.dill,train
4RCJ.dill,train
6LSE.dill,train
2ZH2.dill,train
3SIU.dill,train
3EGZ.dill,train
3FHT.dill,val
5ED1.dill,train
1AQ4.dill,train
6AR3.dill,val
3DEG.dill,train
3BX3.dill,train
3FTE.dill,train
5F6C.dill,train
6SAE.dill,train
4II9.dill,train
1C04.dill,train
3KOA.dill,train
2ZUF.dill,train
6E9F.dill,train
1E7K.dill,train
7A9X.dill,train
3KLV.dill,train
6RT5.dill,train
2ZH6.dill,val
4TZ6.dill,train
3LRN.dill,train
2PXB.dill,train
3QJL.dill,train
4X4S.dill,val
4RDX.dill,train
6JE3.dill,train
4Z4G.dill,train
4OOG.dill,train
2C4Q.dill,train
7B3C.dill,train
6DPD.dill,train
4KTG.dill,train
6U8D.dill,train
6DOZ.dill,train
5SZE.dill,train
7MRL.dill,train
5ZKJ.dill,train
1SJF.dill,train
5I9D.dill,train
4WTI.dill,train
2BBV.dill,train
2PY9.dill,train
4NH5.dill,train
4ARC.dill,train
1VBY.dill,train
4W5O.dill,train
5IP2.dill,train
4WJ4.dill,train
5H1L.dill,train
6GD2.dill,train
2JEA.dill,train
1YTU.dill,train
4WZM.dill,val
2RU7.dill,train
2CSX.dill,test
6DOC.dill,train
1MFQ.dill,train
2XEA.dill,train
1M8V.dill,val
1M5V.dill,train
4H5P.dill,train
7OZV.dill,val
1S76.dill,train
6L1W.dill,val
4QQB.dill,train
5DDQ.dill,train
2EZ6.dill,train
6SJD.dill,train
3NMR.dill,train
4Z4C.dill,train
2OM3.dill,train
2KDQ.dill,train
2MS1.dill,train
1SDS.dill,train
6DOQ.dill,train
4N0T.dill,val
6GKM.dill,train
1QF6.dill,train
5DCV.dill,train
3MQK.dill,train
4HT8.dill,train
2R1G.dill,train
6CYT.dill,train
4WKR.dill,val
5M73.dill,train
3IIN.dill,train
4AS1.dill,train
3AEV.dill,train
7JZ0.dill,train
1AV6.dill,train
2DR7.dill,train
5F8N.dill,train
7BG6.dill,train
4TZ0.dill,val
1U0B.dill,test
3MUR.dill,train
1N78.dill,test
6X1B.dill,train
2ZI0.dill,train
3LWO.dill,train
1U63.dill,train
7CGJ.dill,train
4QPX.dill,train
4GCW.dill,train
3WC1.dill,train
3TS0.dill,train
4QVC.dill,train
2F8K.dill,train
5D8H.dill,train
1TRJ.dill,train
5HP3.dill,train
6XH2.dill,train
7KKV.dill,train
2ZXU.dill,train
484D.dill,train
4BHH.dill,train
1I6U.dill,train
4O8J.dill,train
7CGI.dill,train
6DOK.dill,val
4C8Y.dill,train
5O1Y.dill,train
1QRS.dill,train
3H5Y.dill,train
6ZDP.dill,train
4TZZ.dill,val
2YJY.dill,train
2A8V.dill,train
3NNA.dill,train
3G96.dill,train
5UDJ.dill,train
3Q1R.dill,train
1KQ2.dill,train
4NGG.dill,train
6PZQ.dill,train
5US2.dill,train
3AGV.dill,train
6JFU.dill,train
4TZP.dill,train
2XLI.dill,train
5UD5.dill,train
6X5N.dill,train
3Q0N.dill,train
2G8I.dill,train
5NS3.dill,train
5ZQ0.dill,train
6ZM2.dill,train
5XPG.dill,train
2KX5.dill,train
5EX7.dill,train
3K5Q.dill,train
4QM6.dill,train
5V7C.dill,train
7B3D.dill,train
3LRR.dill,test
6O78.dill,train
2B2D.dill,train
1L1C.dill,train
3ADB.dill,train
5USE.dill,train
6XBU.dill,train
4WTC.dill,train
6ZOT.dill,train
5HSW.dill,train
1HC8.dill,train
2JLZ.dill,train
3QJJ.dill,train
6SQN.dill,train
4NL3.dill,val
2MKN.dill,train
6XLV.dill,train
4ERD.dill,train
7L6T.dill,train
2ZH4.dill,train
3TS2.dill,train
5I9F.dill,train
6O79.dill,train
2AB4.dill,train
2PXF.dill,train
5U34.dill,train
2Q66.dill,train
5UDZ.dill,train
5HC9.dill,train
2VOD.dill,train
1I9F.dill,train
1S77.dill,train
2JLY.dill,train
1QZC.dill,train
1RMV.dill,train
6WC0.dill,train
5T7B.dill,train
7JL0.dill,train
6OZS.dill,train
5KI6.dill,train
5U4J.dill,train
4NH6.dill,train
3VYX.dill,train
1SZ1.dill,train
6LU0.dill,train
6WB0.dill,train
1M5K.dill,train
1T0K.dill,test
1YYW.dill,train
4WTJ.dill,train
3QRR.dill,train
2YKG.dill,train
4OLB.dill,train
3AMT.dill,train
5WZG.dill,train
5YTV.dill,train
2NRE.dill,train
1ZL3.dill,train
6LXD.dill,train
3NCU.dill,train
3IRW.dill,train
5GXI.dill,val
5XPA.dill,train
5DTO.dill,train
4HOR.dill,train
7O0G.dill,train
2C4R.dill,train
3MUT.dill,val
7DIC.dill,train
1BMV.dill,train
1ZE2.dill,train
2XKV.dill,train
6DOJ.dill,train
1O0B.dill,train
5OSG.dill,train
5HKC.dill,train
5DDR.dill,train
3O6E.dill,train
5DV7.dill,train
4PDB.dill,train
3K61.dill,train
3RC8.dill,train
2UWM.dill,test
6FPX.dill,train
6DP6.dill,train
4LGT.dill,train
5EN1.dill,train
1K8W.dill,test
1E8S.dill,train
1SER.dill,test
5XOW.dill,train
4DB2.dill,train
2ZNI.dill,test
2DR8.dill,train
1ZJW.dill,train
1M8W.dill,train
6KTC.dill,train
2VPL.dill,test
2E9T.dill,train
4I67.dill,train
6XH3.dill,train
3TUP.dill,train
3KMQ.dill,train
5EMO.dill,train
7OI3.dill,train
6R9P.dill,train
5AOX.dill,train
6XLW.dill,train
6N6A.dill,val
4UYJ.dill,train
1MMS.dill,test
4GV6.dill,train
5XTM.dill,train
6WPI.dill,train
2B3J.dill,train
7ASA.dill,train
1R2W.dill,train
1YZ9.dill,train
3RTJ.dill,train
1EUY.dill,train
3MDG.dill,train
4JNG.dill,train
3G9Y.dill,train
5F5F.dill,train
3MXH.dill,train
2XNR.dill,train
4WTD.dill,val
2C0B.dill,val
7K9E.dill,val
3LWP.dill,train
1ZN1.dill,val
6KUG.dill,train
6TQB.dill,train
1ULL.dill,train
1ZDJ.dill,train
6HCT.dill,train
1RY1.dill,train
5WWG.dill,train
1A9N.dill,train
2ZH5.dill,train
2ZH8.dill,train
7KJV.dill,train
4QG3.dill,train
5WZK.dill,train
4YVJ.dill,train
2KH9.dill,train
5ELX.dill,train
4HT9.dill,train
3AHU.dill,train
2PXK.dill,train
2IZM.dill,train
6LSG.dill,train
6DU5.dill,train
6MCE.dill,train
3J0O.dill,train
4OHZ.dill,train
2B2E.dill,train
3SN2.dill,train
7KJX.dill,train
3O3I.dill,train
1ZZN.dill,val
4QVD.dill,train
1LAJ.dill,train
5D6G.dill,train
2ZM5.dill,test
4W5Q.dill,train
1Y39.dill,train
2PXU.dill,train
1JBR.dill,train
2NOQ.dill,train
1ETF.dill,train
6AAX.dill,train
4DW7.dill,train
5ZTH.dill,train
4ZLR.dill,train
4ANG.dill,train
3WFS.dill,train
3QJP.dill,train
5TSN.dill,train
7MPU.dill,train
7C7L.dill,train
6UV2.dill,train
6NY1.dill,train
4NGB.dill,train
4K4V.dill,train
1JBS.dill,test
5I9G.dill,train
5Z4A.dill,train
2XS7.dill,train
6D06.dill,train
2G8F.dill,val
7OZU.dill,train
1F7Y.dill,test
2G4B.dill,train
6C6K.dill,train
3LQX.dill,train
3BX2.dill,train
3VYY.dill,train
1EMI.dill,val
2FMT.dill,test
4YB1.dill,train
3D2S.dill,train
7JL1.dill,train
1MSW.dill,val
2ANR.dill,test
6GJZ.dill,train
3KMS.dill,train
4RWP.dill,val
5DET.dill,train
6UV1.dill,train
6SAG.dill,val
2G8V.dill,train
5C9H.dill,train
3AMU.dill,train
3R9W.dill,train
4KNQ.dill,train
3BO1.dill,train
1YYO.dill,train
4X0B.dill,train
6XQB.dill,train
4D25.dill,train
4QIL.dill,train
3MOJ.dill,test
4CXG.dill,train
6A6L.dill,train
6ME0.dill,train
2ZHA.dill,train
4FTS.dill,train
3PF4.dill,train
6DOX.dill,train
4M30.dill,train
5DE8.dill,train
6LVR.dill,train
6DU4.dill,train
5WWR.dill,train
6DMV.dill,train
1G70.dill,train
3R1L.dill,train
2CT8.dill,train
3K5Y.dill,train
6HTU.dill,train
6DOE.dill,train
3UD4.dill,train
2IZ8.dill,train
5TF6.dill,val
5O58.dill,train
6DPK.dill,train
3S4G.dill,train
4BA2.dill,train
6YUD.dill,train
6IV9.dill,train
5BUD.dill,train
2B6G.dill,train
5WZH.dill,train
6Y4B.dill,train
5F8J.dill,val
5W3V.dill,train
4B3P.dill,train
3EQ3.dill,train
2J0S.dill,train
4TV0.dill,train
4W92.dill,train
6U9X.dill,train
6M7K.dill,train
4X2B.dill,train
4XBF.dill,train
6WXY.dill,train
4UYK.dill,train
6XKI.dill,train
6GKH.dill,train
5YTX.dill,train
3Q0R.dill,val
6RT7.dill,train
5ZQ8.dill,train
6B0B.dill,train
3R1H.dill,train
2J37.dill,train
4KR3.dill,train
6BSG.dill,val
4TUW.dill,train
5DAR.dill,train
2GO5.dill,train
5ZTM.dill,train
6LSF.dill,train
6O5F.dill,train
2RSK.dill,val
4QI2.dill,train
4EJT.dill,train
2CZJ.dill,test
2PXL.dill,train
3IVK.dill,train
2IZN.dill,train
3BO0.dill,train
3KS8.dill,train
4WTA.dill,train
3J0P.dill,train
5XC6.dill,val
2R7Y.dill,train
6DPE.dill,train
3CZ3.dill,train
4OI1.dill,train
1EXY.dill,train
3RW6.dill,train
2XDB.dill,test
6H9H.dill,train
2B2G.dill,train
4PR6.dill,train
6E4P.dill,train
4LJ0.dill,train
6DOR.dill,train
2PXV.dill,train
3LWQ.dill,train
1RLG.dill,train
3H5X.dill,train
1HJI.dill,train
3NL0.dill,train
4QOZ.dill,train
4YVI.dill,train
3Q0P.dill,train
2DET.dill,train
5FN1.dill,train
6GD3.dill,val
6N6K.dill,train
1EC6.dill,train
5JBJ.dill,train
4DZS.dill,train
3KTV.dill,train
4Z4H.dill,train
4IG8.dill,train
7KJW.dill,val
5X2G.dill,train
5WWS.dill,train
7MJW.dill,train
4BWM.dill,val
3J06.dill,train
2XZL.dill,train
5T8Y.dill,train
1WNE.dill,train
4HKQ.dill,train
5BZ1.dill,train
2NZ4.dill,train
7NJC.dill,val
3FTF.dill,test
6WB1.dill,train
7CGL.dill,train
3IZZ.dill,train
1ZO1.dill,train
6G19.dill,train
1VC0.dill,train
6D30.dill,train
1QRU.dill,train
5W5H.dill,train
3TWH.dill,train
3Q2T.dill,train
3IWN.dill,train
7NQ4.dill,train
3IEV.dill,train
6MFN.dill,train
7N3O.dill,train
3ADI.dill,train
2E9R.dill,train
1VC5.dill,train
6DCL.dill,train
4JVH.dill,train
5L2L.dill,train
3Q0L.dill,train
3PF5.dill,train
4B3O.dill,train
4X0A.dill,train
2XPJ.dill,train
4Z4D.dill,train
3DD2.dill,test
3UCZ.dill,train
3K0J.dill,train
4BOC.dill,train
2G8U.dill,val
5WJR.dill,train
1ETG.dill,train
1DDL.dill,train
5JRC.dill,train
6KC7.dill,train
1OB2.dill,train
6N6G.dill,train
1PN8.dill,val
6DB9.dill,train
3P49.dill,train
2G8K.dill,train
3HSB.dill,train
2ZH7.dill,train
6DCC.dill,train
6SY4.dill,train
4KZD.dill,train
3B0U.dill,train
4CXH.dill,val
4UDV.dill,train
5UJ2.dill,train
4GG4.dill,train
1WPU.dill,train
3NNC.dill,train
4R3I.dill,train
1JBT.dill,train
4KQ0.dill,train
1U1Y.dill,train
5HAB.dill,train
7CGK.dill,train
4H8K.dill,train
4W5R.dill,train
4IQX.dill,train
1PGL.dill,train
2HW8.dill,test
2ZH9.dill,train
5VAJ.dill,train
6H5Q.dill,train
2DVI.dill,train
1QRT.dill,train
4WAN.dill,train
2DU3.dill,test
4JXX.dill,train
6W64.dill,train
7KX7.dill,train
4FTB.dill,val
5J0M.dill,train
6PPQ.dill,train
6LSH.dill,train
3HHN.dill,train
1B23.dill,train
3BO2.dill,train
4NGC.dill,train
6DPL.dill,train
6H5S.dill,train
3I61.dill,train
6ZDQ.dill,val
3QGB.dill,train
6L5N.dill,train
5GUH.dill,train
1C0A.dill,test
1FFY.dill,test
6G2K.dill,train
6DB8.dill,train
3U4M.dill,train
6UV4.dill,train
5ZQ1.dill,train
4JNX.dill,train
1R9F.dill,test
6FPQ.dill,train
6BSH.dill,train
5JAJ.dill,train
7MLX.dill,train
5WZJ.dill,train
4KRE.dill,train
6R9M.dill,train
5X6B.dill,train
6RCL.dill,train
3HJW.dill,train
4QU6.dill,train
5M0J.dill,train
4OI0.dill,train
2IZ9.dill,train
5KAL.dill,train
3MDI.dill,train
6SY6.dill,train
3ULD.dill,train
6F4G.dill,train
4KR6.dill,train
4UFT.dill,val
4S2X.dill,train
7NDJ.dill,train
6N4O.dill,train
5I9H.dill,train
5NS4.dill,train
1ZC8.dill,train
3HJY.dill,train
1MJ1.dill,train
4M4O.dill,train
4J7L.dill,train
3SQW.dill,train
5V6X.dill,train
3HAY.dill,val
6GC5.dill,train
6N6C.dill,train
6SQQ.dill,train
1MJI.dill,train
5J2W.dill,train
2XDD.dill,train
4X4Q.dill,val
4Q9Q.dill,train
4K4S.dill,train
3NMA.dill,train
5Y7M.dill,train
4J39.dill,train
6W11.dill,train
4Z4I.dill,train
5O20.dill,train
6M6S.dill,train
6WYB.dill,train
1WRQ.dill,train
7MJX.dill,val
6DOM.dill,train
2PXQ.dill,train
6D1V.dill,train
4KR2.dill,train
5F8H.dill,train
4BPB.dill,train
2DEU.dill,train
6IS0.dill,train
7DOL.dill,train
5JBG.dill,train
6N6F.dill,train
2PO1.dill,train
5LTA.dill,train
4WTK.dill,train
4JVY.dill,train
6O7B.dill,train
3PEW.dill,val
4LQ3.dill,train
7KX9.dill,train
5L1Z.dill,train
3W3S.dill,train
5ZC9.dill,train
3HM9.dill,train
6DPA.dill,train
